,brd,des,price
0,Fire-Boltt,Cobra AMOLED Smart Watch,Rs. 1899
1,pebble,"Women 1.27"" Smart Watch",Rs. 2299
2,Fire-Boltt,Rock AMOLED Display Smartwatch,Rs. 3199
3,boAt,Unisex Wave Genesis Smartwatch,Rs. 1899
4,NOISE,Fit Posh Smartwatch,Rs. 1799
5,Fire-Boltt,Supernova Bluetooth SmartWatch,Rs. 1899
6,CMF by Nothing,Watch Pro,Rs. 3499
7,Cultsport,"Ace XR 1.43"" Smart Watches",Rs. 2799
8,pebble,"Hive 1.39"" Display Smart Watch",Rs. 1699
9,pebble,"Women 1.27"" Smart Watch",Rs. 2299
10,NOISE,Mettle EliteEdition Smartwatch,Rs. 2249
11,Fire-Boltt,Hulk 1.78 inch Smartwatch,Rs. 1799
12,pebble,"Celia 1.32"" Display SmartWatch",Rs. 2299
13,Fire-Boltt,"Eclipse Luxe 1.43"" Amoled",Rs. 1799
14,pebble,"Cosmos Ultra 1.91"" BT Calling Smartwatch",Rs. 1599
15,Fire-Boltt,Starlight Bluetooth Smartwatch,Rs. 1599
16,boAt,Ultima Connect Max HD Display,Rs. 1899
17,NOISE,ColorFit Vision 3 Smartwatch,Rs. 3499
18,NOISE,Fit Posh Smartwatch,Rs. 1799
19,Fire-Boltt,Hurricane Smartwatch,Rs. 1700
20,boAt,Ultima BT Calling Smartwatch,Rs. 1899
21,Fire-Boltt,Aura BT Calling Smartwatch,Rs. 1999
22,NOISE,ColorFit Icon 2 Smartwatch,Rs. 1799
23,Fire-Boltt,Hulk 1.78 inch Smartwatch,Rs. 1799
24,CMF by Nothing,Watch Pro,Rs. 3499
25,pebble,"Cosmos Ultra 1.91"" BT Calling Smartwatch",Rs. 1599
26,NOISE,Fit Posh Smartwatch,Rs. 1799
27,CMF by Nothing,Watch Pro,Rs. 3499
28,pebble,Cosmos Quest Smartwatch,Rs. 2499
29,NOISE,ColorFit Caliber Smartwatch,Rs. 999
30,Fire-Boltt,Hurricane Smartwatch,Rs. 1899
31,NOISE,ColorFit Icon 2 Smartwatch,Rs. 1799
32,Fire-Boltt,Hurricane Smartwatch,Rs. 1850
33,Fire-Boltt,Crusader Amoled 1.43BT Calling,Rs. 1899
34,Realme,TechLife Watch S100,Rs. 2499
35,Fastrack,Vigor HD Display Smartwatch,Rs. 2495
36,NOISE,ColorFit Pro 5 Smartwatch,Rs. 3999
37,pebble,"Cosmos Ultra 1.91"" BT Calling Smartwatch",Rs. 1599
38,NOISE,Evolve 3 Smartwatch,Rs. 2449
39,Fire-Boltt,Avalanche Luxury Smart Watch,Rs. 2199
40,Fastrack,"1.91"" HD Display Smartwatch",Rs. 2995
41,Realme,TechLife Watch S100,Rs. 2499
42,Fire-Boltt,"Eclipse Luxe 1.43"" Amoled",Rs. 1999
43,Timex,FitGen Smart Watches,Rs. 3497
44,NOISE,ColorFit Pro 5 Max Smartwatch,Rs. 4999
45,Fire-Boltt,Grenade BT Calling Smartwatch,Rs. 1699
46,pebble,BT Calling Luxury Smartwatch,Rs. 1999
47,boAt,Enigma Z40 Smartwatch,Rs. 4799
48,Fire-Boltt,Visionary TWS Smartwatch,Rs. 2499
49,Fastrack,FS2 BT Calling Smartwatch,Rs. 1999
